Material Exchange Platform (MEP),Host,Website,Platform type,Exchange type,Material exchanged,,Need to create an account?,Cost to use the platform,Exchange logistics,Can waiting requests be made for specific materials?,Cost of materials known?,Provenance known?,Quantity known?,Quality known?,Location,Address Line 1,Address Line 2,Address Line 3,Town,Postcode,County,Country,Colour,,,,,,,,,,,,,,,,,,,,,,,,
Enviromate,Enviromate,https://www.enviromate.co.uk,Online listings,Buy and sell,Construction materials,,Yes,Free to buy and sell. Pay for a premium account to promote listings,Private arrangement to pick up or deliver once the material exchange is confirmed. Can pay for delivery using partner service AnyVan,Only if project is community led or charitable,Cost shown on listing,Detail given in listing,Yes,Yes,UK,,,,,,,,Red,,,,,,,,,,,,,,,,,,,,,,,,
SOLO Wood Recycling Ltd,National Community Wood Recycling Project,https://solowoodrecycling.co.uk/,Enterprise and shop,Buy  ,Wood,,No,Free ,Contact store for more information,Don't know,Don't know,Local,See in store,See in store,London,43 Factory Lane,,,Croydon,CR0 3RL,,England,Blue,,,,,,,,,,,,,,,,,,,,,,,,
Riverside Timber Recycling Project,National Community Wood Recycling Project,https://www.facebook.com/Riverside-Timber-Recycling-Project-201616990186326/,Enterprise and shop,Buy and sell,Wood,,No,Free ,Contact store for more information,Don't know,Don't know,Local,See in store,See in store,Stapleford Tawney,Passingford Bridge Mill,261 Ongar Road,,Stapleford Tawney,RM4 1RD,Essex,England,Blue,,,,,,,,,,,,,,,,,,,,,,,,
St Albans Wood Recycling,National Community Wood Recycling Project,http://www.stalbanswoodrecycling.org.uk/,Enterprise and shop,Buy and sell,Wood,,No,Free ,Donate by arrangement with store. Buy in store,Don't know,Cost depends on donation and purchase amounts and type,Local,See in store,See in store,St Albans,11A Pickfrod Road,,,St Albans,AL1 5JH,Hertfordshire,England,Blue,,,,,,,,,,,,,,,,,,,,,,,,
The Useful Wood Company,National Community Wood Recycling Project,https://www.usefulwood.org/,Enterprise and shop,Buy and sell,Wood,,No,Free ,Donate by arrangement with store. Buy in store,Don't know,Cost depends on donation and purchase amounts and type,Local,See in store,See in store,Woking,15-29 Goldsworth Road,,,Woking,GU21 6JT,Woking,England,Blue,,,,,,,,,,,,,,,,,,,,,,,,
New Life Wood,National Community Wood Recycling Project,https://www.newlifewood.org.uk/,Enterprise and shop,Buy and sell,Wood,,No,Free ,Donate by arrangement with store. Buy in store,Don't know,Don't know,Local,See in store,See in store,Basildon,Wat Tyler Park,Pitsea Hall Lane,,Basildon,SS16 4UH,Essex,England,Blue,,,,,,,,,,,,,,,,,,,,,,,,
Roots Timber Reuse CIC,National Community Wood Recycling Project,https://rootsreuse.org.uk/,Enterprise and shop,Buy and sell,Wood,,No,Free ,Donate by arrangement with store. Buy in store,Don't know,Cost depends on donation and purchase amounts and type,Local,See in store,See in store,Rochester,Plot 7a,Stoney Lane,,Rochester,ME1 3AU,Rochester,England,Blue,,,,,,,,,,,,,,,,,,,,,,,,
Chiltern Wood Recycling Project,National Community Wood Recycling Project,https://www.chilternwoodrecycling.co.uk/,Enterprise and shop,Buy and sell,Wood,,No,Free ,Donate by arrangement with store. Buy in store,Don't know,Cost depends on donation and purchase amounts and type,Local,See in store,See in store,High Wycombe,Unit 2 ,Cressex Business Park,,High Wycombe,HP12 3RD,High Wycombe,England,Blue,,,,,,,,,,,,,,,,,,,,,,,,
Mid Sussex Wood Recycling Project,National Community Wood Recycling Project,https://www.midsussexwoodrecycling.com/,Enterprise and shop,Buy and sell,Wood,,No,Free ,Donate by arrangement with store. Buy in store,Don't know,Cost depends on donation and purchase amounts and type,Local,See in store,See in store,West Sussex,Brooklands Farm,Rocky Lane,,Haywards Heath,RH16 4RR,West Sussex,England,Blue,,,,,,,,,,,,,,,,,,,,,,,,
The Wood Store Brighton,National Community Wood Recycling Project,https://www.woodrecycling.org.uk/,Enterprise and shop,Buy and sell,Wood,,No,Free ,Donate by arrangement with store. Buy in store,Don't know,Cost depends on donation and purchase amounts and type,Local,See in store,See in store,Brighton,Unit 2 ,Longley Industrial Estate,,Elder Place,BN1 4GY,Brighton,England,Blue,,,,,,,,,,,,,,,,,,,,,,,,
Wood@Aldingbourne,National Community Wood Recycling Project,https://www.aldingbournetrust.org/wood.html,Enterprise and shop,Buy and sell,Wood,,No,Free ,Donate by arrangement with store. Buy in store,Don't know,Cost depends on donation and purchase amounts and type,Local,See in store,See in store,Norton,Aldingbourne Country Centre,Black Mill Lane,,,PO18 0JP,Norton,England,Blue,,,,,,,,,,,,,,,,,,,,,,,,
Oxford Wood Recycling,National Community Wood Recycling Project,https://www.oxfordwoodrecycling.org.uk/,Enterprise and shop,Buy and sell,Wood,,No,Free ,Donate by arrangement with store. Buy in store or online,Don't know,Cost depends on donation and purchase amounts and type,Local,See in store,See in store,Abingdon,4 Suffolk Way,,,Abingdon,OX14 5JX,Oxfordshire,England,Blue,,,,,,,,,,,,,,,,,,,,,,,,
North Essex Wood Recycling,National Community Wood Recycling Project,https://newoodrecycling.weebly.com/,Enterprise and shop,Buy and sell,Wood,,No,Free ,Donate by arrangement with store. Buy in store but call first,Don't know,Cost depends on donation and purchase amounts and type,Local,See in store,See in store,Suffolk,The Old Fertiliser Store,Slough Farm Lane,,Acton,CO10 0BN,Suffolk,England,Blue,,,,,,,,,,,,,,,,,,,,,,,,
Northamptonshire Wood Recycling,National Community Wood Recycling Project,https://northantswoodrecycling.org.uk/,Enterprise and shop,Buy and sell,Wood,,No,Free ,Donate by arrangement with store. Buy in store,Don't know,Cost depends on donation and purchase amounts and type,Local,See in store,See in store,Northampton,Unit G2,Kingsfield Close,,Northampton,NN5 7QS,Northamptonshire,England,Blue,,,,,,,,,,,,,,,,,,,,,,,,
Southampton Wood Recycling Project,National Community Wood Recycling Project,https://southamptonwoodrecycling.org.uk/,Enterprise and shop,Buy and sell,Wood,,No,Free ,Donate by arrangement with store. Buy in store or online,Don't know,Cost depends on donation and purchase amounts and type,Local,See in store,See in store,Southampton,Unit Z,Willments Industrial Estate,,Hazel Road,SO19 7HS,Southampton,England,Blue,,,,,,,,,,,,,,,,,,,,,,,,
Just Wood Leicestershire,National Community Wood Recycling Project,https://www.justwoodleicestershire.org.uk/,Enterprise and shop,Buy and sell,Wood,,No,Free ,Donate by arrangement with store. Buy in store or online,Don't know,Cost depends on donation and purchase amounts and type,Local,See in store,See in store,Leicester,Unit 6,62-66 Friday Street,,Leicester,LE1 3BW,Leicestershire,England,Blue,,,,,,,,,,,,,,,,,,,,,,,,
Wiltshire Wood Recycling,National Community Wood Recycling Project,https://www.wiltshirewoodrecycling.org.uk/,Enterprise and shop,Buy and sell,Wood,,No,Free ,Donate by arrangement with store. Buy in store,Don't know,Cost depends on donation and purchase amounts and type,Local,See in store,See in store,Wiltshire,Milking Parlour,East Combe Farm,,Castle Combe,SN14 7EY,Wiltshire,England,Blue,,,,,,,,,,,,,,,,,,,,,,,,
Jericho Wood Shack,National Community Wood Recycling Project,https://www.jerichowoodshack.uk/,Enterprise and shop,Buy and sell,Wood,,No,Free ,Donate by arrangement with store. Buy in store,Don't know,Cost depends on donation and purchase amounts and type,Local,See in store,See in store,Birmingham,The Old Depot,Sutton Coldfield,,Sutton Coldfield,B75 7BB,Birmingham,England,Blue,,,,,,,,,,,,,,,,,,,,,,,,
Bristol Wood Recycling Project,National Community Wood Recycling Project,https://www.bwrp.org.uk/,Enterprise and shop,Buy and sell,Wood,,No,Free ,Donate by arrangement with store. Buy over phone or in store,Don't know,Cost depends on donation and purchase amounts and type,Local,See in store,See in store,Bristol,Unit 4,William Street,,Bristol,BS2 0RG,Bristol,England,Blue,,,,,,,,,,,,,,,,,,,,,,,,
Wood Saints,National Community Wood Recycling Project,https://woodsaints.com/,Enterprise and shop,Buy and sell,Wood,,No,Free ,Donate by arrangement with store. Buy in store,Don't know,Cost depends on donation and purchase amounts and type,Local,See in store,See in store,Wolverhampton,The Wood Depot,Dixon Street,,Wolverhampton,WV2 2BX,Wolverhampton,England,Blue,,,,,,,,,,,,,,,,,,,,,,,,
East Midlands Wood Recycling,National Community Wood Recycling Project,https://www.eastmidlandswoodrecycling.org.uk/,Enterprise and shop,Buy and sell,Wood,,No,Free ,Donate by arrangement with store. Buy in store,Don't know,Cost depends on donation and purchase amounts and type,Local,See in store,See in store,Derby,The Old Pattern Shop,Unit 1,,Litchurch Lane,DE24 8AQ,Derby,England,Blue,,,,,,,,,,,,,,,,,,,,,,,,
Somerset Wood Recycling,National Community Wood Recycling Project,https://www.somersetwoodrecycling.co.uk/,Enterprise and shop,Buy and sell,Wood,,No,Free ,Buy in store. Contact to discuss possible donations,Don't know,Unsure,Local,See in store,See in store,Weston-Super-Mare,The Motex Centre,Winterstoke Road,,Weston-Super-Mare,BS23 3YW,Somerset,England,Blue,,,,,,,,,,,,,,,,,,,,,,,,
Reseiclo,National Community Wood Recycling Project,https://www.facebook.com/TheWoodstoreNewport/?locale=en_GB,Enterprise and shop,Buy and sell,Wood,,No,Free ,Donate by arrangement with store. Buy in store,Don't know,Cost depends on volume,Local,See in store,See in store,Newport,Unit 2 Harlequin Trading Estate,Aldernery Street,,Newport Gwent,NP20 5NH,Newport,Wales,Blue,,,,,,,,,,,,,,,,,,,,,,,,
Green Estate Waste Recycling,National Community Wood Recycling Project,http://greenestaterecycling.co.uk/,Recycling facility,Sell green waste and buy compost,Wood and green waste,,No,Free ,Drop off and collect at site,Don't know,Cost depends on volume,Local,NA,NA,Sheffield,Head Office,Manor Oaks Farmhouse,389 Manor Lane,Sheffield,S2 1UL,Sheffield,England,Pink,,,,,,,,,,,,,,,,,,,,,,,,
Humber Wood Recycling Project,National Community Wood Recycling Project,https://www.humberwoodrecycling.org.uk/,Enterprise and shop,Buy and sell,Wood,,No,Free ,Donate by arrangement with store. Buy in store,Don't know,Cost depends on donation and purchase amounts and type,Local,See in store,See in store,Hull,Unit 2 Cornwall Street,,,Hull,HU8 8AF,Hull,England,Blue,,,,,,,,,,,,,,,,,,,,,,,,
EMERGE Touch Wood,National Community Wood Recycling Project,https://www.emerge3rs.co.uk/touchwood/,Enterprise and shop,Buy and sell,Wood,,No,Free ,Donate by arrangement with store. Buy in store,Don't know,Cost depends on donation and purchase amounts and type,Local,See in store,See in store,Manchester,EMERGE Recycling,"New Smithfield market, Whitworth Street East",,Manchester,M11 2WJ,Manchester,England,Blue,,,,,,,,,,,,,,,,,,,,,,,,
Leeds Wood Recycling,National Community Wood Recycling Project,https://www.leedswoodrecycling.co.uk/,Enterprise and shop,Buy and sell,Wood,,No,Free ,Donate by arrangement with store. Buy online or in store,Don't know,Cost depends on donation and purchase amounts and type,Local,See in store,See in store,Leeds,Unit 6 ,Croydon Street,,Leeds,LS11 9RT,Leeds,England,Blue,,,,,,,,,,,,,,,,,,,,,,,,
The Woodhouse,National Community Wood Recycling Project,https://integratepreston.org.uk/social-enterprises/,Enterprise and shop,Buy and sell,Wood,,No,Free ,Donate by arrangement with store. Buy in store,Don't know,Don't know,Local,See in store,See in store,Preston,110 Stocks Road,Ashton,,Preston,PR2 2TB,Preston,England,Blue,,,,,,,,,,,,,,,,,,,,,,,,
Newcastle Wood Recycling,National Community Wood Recycling Project,https://www.welovewood.org/,Enterprise and shop,Buy and sell,Wood,,No,Free ,Donate by arrangement with store. Buy online or in store,Don't know,Cost depends on donation and purchase amounts and type,Local,See in store,See in store,Newcastle-Upon-Tyne,Corporation Yard,Welbeck Road,,Newcastle-Upon-Tyne,NE6 2PA,Newcastle-Upon-Tyne,England,Blue,,,,,,,,,,,,,,,,,,,,,,,,
Move On Wood Recycling,National Community Wood Recycling Project,https://moveon.org.uk/what-we-do/move-on-wood-recycling,Enterprise and shop,Buy and sell,Wood,,No,Free ,Donate by arrangement with store. Buy online or in store,Don't know,Cost depends on donation and purchase amounts and type,Local,See in store,See in store,Edinburgh,New Broompark,Granton,,Edinburgh,EH6 1RS,Edinburgh,Scotland,Blue,,,,,,,,,,,,,,,,,,,,,,,,
Glasgow Wood Recycling,National Community Wood Recycling Project,https://glasgowwoodrecycling.org.uk/,Enterprise and shop,Buy and sell,Wood,,No,Free ,Donate by arrangement with store. Buy online or in store,Don't know,Cost depends on donation and purchase amounts and type,Local,See in store,See in store,Glasgow,Unit 6,The Barclay Curle Complex,,Glasgow,G14 0BX,Glasgow,Scotland,Blue,,,,,,,,,,,,,,,,,,,,,,,,
Preloved,Preloved,https://www.preloved.co.uk/classifieds/home-improvement/diy-building-materials,Online listings,Buy and sell,Construction materials,,Yes,Free to buy and sell. Pay to gain early access to latest listings,Don't know - detail could be given in the listing,Yes,Items are either free or cost to exchange,Yes - required in the listing,Yes - required in the listing,Don't know- detail could be given in the listing,UK,,,,,,,,Red,,,,,,,,,,,,,,,,,,,,,,,,
Recipro,Recipro,https://www.recipro-uk.com,Online listings,Buy and sell,Construction materials and paint,,Yes,Free ,Private arrangement to pick up or deliver once the material exchange is confirmed,Don't know,Items are either free or cost to exchange,Yes - required in the listing,Yes - required in the listing,"Yes - only items that are clean, uncontaminated, not damaged or hazardous can be exchanged",UK,,,,,,,,Red,,,,,,,,,,,,,,,,,,,,,,,,
Reciprocity Wirral,Recipro,https://www.recipro-uk.com,Enterprise and shop,Buy and sell,Construction materials,,No,Free ,Donate by arrangement with store. Buy online or in store,Don't know,Items cost to purchase   ,NA,Yes,Yes,Wirral,Reciprocity Wallasey,Unit 2 Britannia House,Dock Road,Wallasey,CH41 1DF,Wallasey,England,Blue,,,,,,,,,,,,,,,,,,,,,,,,
RecycleBlu,RecycleBlu,https://www.recycleblu.com,Online listings,Buy and sell,Plastics,,Yes,Free to buy and sell but a commission is paid if an exchange occurs (3% of total sale price),"Delivered to you, shipping price is incorporated within cost",Yes,Items cost to purchase and are won via a bid,Yes - required in the listing,Yes - required in the listing (in units),Yes - required in the listing,UK,,,,,,,,Red,,,,,,,,,,,,,,,,,,,,,,,,
Volunteer it Yourself (VIY),Volunteer it Yourself (VIY),https://volunteerityourself.org/,Social Enterprise,Donate,All construction,,NA,Free,Contact to arrange partnership,NA,NA,NA,NA,NA,Leeds,Bennett Road,,,Leeds,LS6 3HN,,England,Blue,,,,,,,,,,,,,,,,,,,,,,,,
Volunteer it Yourself (VIY),Volunteer it Yourself (VIY),https://volunteerityourself.org/,Social Enterprise,Donate,All construction,,NA,Free,Contact to arrange partnership,NA,NA,NA,NA,NA,London,34-35 Hatton Garden,,,London,EC1N 8DX,,England,Blue,,,,,,,,,,,,,,,,,,,,,,,,
Raised Modular Flooring Installation & Services Ltd,RMF Installation & Services Ltd,https://www.rmf-services.co.uk/,Shop,Buy and sell,Raised access flooring,,No,Free,Private arrangement to pick up or deliver once the material exchange is confirmed,Yes,Cost depends on donation and purchase amounts and type,Don't know,Don't know,Don't know,UK,,,,,,,,Red,,,,,,,,,,,,,,,,,,,,,,,,
Collecteco Reuse,Collecteco Reuse,https://www.collecteco.co.uk/,Online listings,Donate to MEP and MEP then donates UK-wide,Office furniture and equipment,,Yes,Free,Private arrangement to pick up or deliver once the material exchange is confirmed,Yes,NA,Often yes,Yes,Yes,UK,,,,,,,,Pink,,,,,,,,,,,,,,,,,,,,,,,,
Paint360,Paint360,https://www.paint360.co.uk/,Shop,Buy and sell,Paint,,Yes,Pay to donate and buy,Private arrangement to pick up or deliver. Only large volumes (1000+ cans) can be donated at a time.,NA,Cost depends on donation and purchase amounts and type,NA,Yes,Yes,UK,,,,,,,,Red,,,,,,,,,,,,,,,,,,,,,,,,
Rype,Rype Office,https://www.rypeoffice.com/,Shop,Buy and procure office design services,Office furniture,,No,NA,Service arrangement,Yes,Cost depends on donation and purchase amounts and type,Don't know,Yes,Yes,UK,,,,,,,,Red,,,,,,,,,,,,,,,,,,,,,,,,
Greenstream Flooring,,https://www.findcarpettiles.co.uk/,Social Enterprise,Buy and sell,Flooring,,Yes,Unsure,Unsure,Don't know,Don't know,Don't know,Yes,Yes,UK,Unit 3,Rheola Industrial Estate,Rhondda Cynon Taff,Porth,CF39 0AD,,Wales,Blue,,,,,,,,,,,,,,,,,,,,,,,,
Globechain the ESG reuse marketplace,,https://globechain.com/,Online listings,Marketplace,All products skills and services including construction materials,,Yes,Free to request and take items but charge to list items,Private arrangement to pick up or deliver once the material exchange is confirmed,Yes,No,No,Yes,Yes,UK,,,,,,,,Red,,,,,,,,,,,,,,,,,,,,,,,,
Eurocell Recycle,Eurocell,https://www.eurocell.co.uk/eurocell-recycle,Shop,Buy and sell,PVCu,,Unsure,Unsure,Private arrangement to pick up or deliver once the material exchange is confirmed,Don't know,Don't know,Don't know,Don't know,Don't know,UK,,,,,,,,Red,,,,,,,,,,,,,,,,,,,,,,,,
Zero Waste Box,Terracycle,https://zerowasteboxes.terracycle.co.uk/,Shop,Buy,Various products and materials,,No,Varies depending on box,Buy box and return using prepaid label,NA,NA,NA,NA,NA,UK,,,,,,,,Green,,,,,,,,,,,,,,,,,,,,,,,,
ReWorked,,https://www.reworked.com/,Shop,Buy and sell,Various products and materials,,Yes,Free,Buy recycling box and return or buy recycled materials from store for delivery,NA,Yes,No,NA,Yes,UK,,,,,,,,Red,,,,,,,,,,,,,,,,,,,,,,,,
TRACOuk,,https://recycledassets.co.uk/,Online listings,Buy and sell,Office furniture equipment and white goods,,No,Free,Private arrangement to pick up or deliver once the material exchange is confirmed,Yes,No,No,Yes,Yes,UK,,,,,,,,Red,,,,,,,,,,,,,,,,,,,,,,,,Red
The Pallet Loop, The Pallet Loop, https://www.thepalletloop.com/, Pallet Collection Service, Pallet Collection Service, Wooden Pallets,, Yes, Yes, Private arrangement to pick up or deliver once the material exchange is confirmed, No, Charge for collection only with credit paid for Loop pallets, No, No, No, UK,,,,,,,,Red,,,,,,,,,,,,,,,,,,,,,,,,
Remake Scotland, ReusefulUK, https://remakescotland.co.uk/business.html, Enterprise and shop, Donate to MEP, Business waste,, No, No, Contact for more information, NA, NA, NA, NA, NA, Highlands and Islands, Unit 2, Crieff Visitor Centre, Muhill Road, Crieff, PH7 4HQ, Highlands and Islands, Scotland, Pink,,,,,,,,,,,,,,,,,,,,,,,,
Sustainability Yard,, https://sustainabilityyard.com/, Online listings, Marketplace, All construction materials,,Yes - app based, No, Private arrangement to pick up or deliver once the material exchange is confirmed, Dont know, Yes, Dont know, Yes, Yes, UK,,,,,,,,Red,,,,,,,,,,,,,,,,,,,,,,,,
Excess Materials Exchange, Enfield Council,https://app.excessmaterialsexchange.com/mqUFWBvNwawg/7dlcKxtDyliQ/view/e93a78b6-b5e4-4921-a86c-e9d8216636ee, Online listings, Buy and sell through the MEP, All construction materials,, Yes, No, Private arrangement to pick up or deliver once the material exchange is confirmed, Yes, Yes, Yes, Yes, Yes, London Borough of Enfield,,,,,,,, Red,,,,,,,,,,,,,,,,,,,,,,,,
Salvo,,https://www.salvoweb.com/salvo-directory, Directory, Depends on organisation used, All products skills and services,, No, No, Depends on organisation used, Dont know, Dont know, Dont know, Dont know, Dont know, UK,,,,,,,,Red,,,,,,,,,,,,,,,,,,,,,,,,
SCRAP Antic, ReusefulUK, https://www.scrapantics.co.uk/donate, Enterprise and shop, Donate to MEP, Fabrics hardware and art materials,,No, No, Contact for more information, NA,NA,NA,NA,NA,Dundee, Unit 2, Meadow Hill, West Henderson, Wynd, DD1 5BY, Dundee, Scotland,Pink,,,,,,,,,,,,,,,,,,,,,,,,
Glasgow Play Resource, ReusefulUK, https://www.glasgowplay.org.uk/, Enterprise and shop, Donate to MEP, Business waste,, No, No, Contact for more information,NA,NA,NA,NA,NA,Musselburgh, 30 South Street, Musselburgh, East of Scotland,,EH21 6A5,East Lothian, Scotland,Pink,,,,,,,,,,,,,,,,,,,,,,,,
SAMS Scrapstore,ReusefulUK,https://cbpartners.org/community/, Enterprise shop and online listings, Donate to MEP and buy from MEP, Business waste and arts and crafts,, Yes,Yes, Contact for more information,Dont know,Some,No, Some,Some,Blackburn,Energy Zone,Newfield Drive,,Blackburn,BB2 3UA,Lancashire,England,Blue,,,,,,,,,,,,,,,,,,,,,,,,
Bradford Community Repaint,ReusefulUK,https://bradford-organics-communities-service-ltd.org.uk/bradford-community-repaint-html/,Enterprise and shop, Donate to MEP and buy from MEP,Paint,,No,No,Contact for more information or visit store,Dont know,Yes,Some,Yes,Yes,Bradford,Carlisle Business Centre,Anderson Street,Manningham,Bradford,BD8 8BD,West Yorkshire,England,Blue,,,,,,,,,,,,,,,,,,,,,,,,
Scrap,ReusefulUK,https://scrapstuff.co.uk/, Enterprise shop and online listings,Donate to MEP and buy from MEP,Business waste and arts and crafts,,Yes,Yes,Contact for more information,Dont know,Some,No,Some,Some,Leeds,10 The Spinning Mill,Sunnybank Mills,Farsley,Leeds,LS28 5UJ,West Yorshire,England,Blue,,,,,,,,,,,,,,,,,,,,,,,,
Hull ScrapStore,ReusefulUK,https://scrapstorehull.co.uk/,Enterprise and shop,Donate to MEP and buy from MEP,Arts and crafts,,No,No,Visit store,Dont know,No,No,No,No,Hull,The Former Somerset St. School,Dairycoates Avenue,,Hull,HU3 5DB,Yorkshire and the Humber,England,Blue,,,,,,,,,,,,,,,,,,,,,,,,
Refurnish,ReusefulUK,https://refurnish.co.uk/,Enterprise and shop and collection service,Donate to MEP and buy from MEP,Furniture,,No,No,Contact for more information or visit store,Dont know,No,No,No,No, Rotherham,Westmoor Lane,Wath-Upon-Dearne,,,S63 6DF,Yorkshire and the Humber,England,Blue,,,,,,,,,,,,,,,,,,,,,,,,
Scrap Shack & Community RePaint North Staffordshire,ReusefulUK,https://communityscrapshack.chessck.co.uk/,Enterprise and shop,Donate to MEP and buy from MEP,Business waste and arts and crafts,,No but can buy a membership for discount,No,Contact for more information or visit store,Dont know,Some,No,No,No,Stoke-on-Trent,Unit 2,7 China Street,Fenton,Stoke-on-Trent,ST4 3NJ,Stafforshire,England,Blue,,,,,,,,,,,,,,,,,,,,,,,,
Play and Recycling Centre,ReusefulUK,https://derbyplayandrecyclingcentre.org/scrap-store,Enterprise and shop,Donate to MEP and buy from MEP,Arts and craft and mixed materials,,Yes - membership required,Yes,Contact for more information,Dont know,No,No,No,No,Derby,6-10 Werburgh Street,,,Derby,DE22 3QG,Derbyshire,England,Blue,,,,,,,,,,,,,,,,,,,,,,,,
Gedling Play Forum,ReusefulUK,http://gedlingplayforum.org/,Enterprise and shop,Donate to MEP buy from MEP and MEP donates,Business waste,,Yes - membership required,Yes,Contact for more information,Dont know,No,No,No,No,Nottingham,Wollaton Avenue Community Centre,Gedling,,Nottingham,NG4 4HX,Nottinghamshire,England,Blue,,,,,,,,,,,,,,,,,,,,,,,,
Scrappies,ReusefulUK,https://www.scrappies.org/,Enterprise and shop,Donate to MEP and buy from MEP,Arts and crafts,,No but can buy a membership for discount,No,Contact for more information,Dont know,No,No,No,No,Shropshire,1 Sherratt Court,Beaumont Road,Church Stretton,Shropshire,SY6 6BN,Shropshire,England,Blue,,,,,,,,,,,,,,,,,,,,,,,,
The Scrapstore Birmingham,ReusefulUK,https://www.bpcn.org.uk/scrapstore/,Enterprise and shop,Donate to MEP buy from MEP and MEP collects,Business waste and individual waste,,No,No,Contact to donate,Dont know,No,No,No,No,Birmingham,The Hollymoor Centre,,Northfield,Birmingham,B31 5ER,West Midlands,England,Blue,,,,,,,,,,,,,,,,,,,,,,,,
Mini-Scrapbox,ReusefulUK,https://aylshamchurchbenefice.churchdesk.com/scrapbox,Enterprise and shop,Donate to MEP and buy from MEP,Arts and crafts,,Yes - membership required,Yes,Visit shop contact to arrange membership or donate during donation days,Dont know,No,No,No,No,Reepham,Unit 5 & 6 Collers Way,Wood Dalling Road,,Reepham,NR10 4SW,Norfolk,England,Blue,,,,,,,,,,,,,,,,,,,,,,,,
MKPA,ReusefulUK,https://www.mkpa.co.uk/create/scrapstore/,Enterprise and shop,Donate to MEP and buy from MEP,Business waste,,Yes - membership required,Yes,Visit store,Dont know,No,No,No,No,Milton Keynes,2 Burners Lane,Kiln Farm,,Milton Keynes,MK11 3HB,Buckinghamshire,England,Blue,,,,,,,,,,,,,,,,,,,,,,,,
Gloucestershire Resource Centre,ReusefulUK,http://www.grcltd.org/,Enterprise and shop,Donate to MEP buy from MEP and MEP collects,Business waste,,Yes - membership required,Yes,Contact for more information,Dont know,No,No,No,No,Gloucester,City Works,Alfred Street,,Gloucester,GL1 4DF,Gloucestershire,England,Blue,,,,,,,,,,,,,,,,,,,,,,,,
Orinoco Scrapstore,ReusefulUK,https://orinocoscrapstore.wordpress.com/business-donors/,Enterprise and shop,Donate to MEP and buy from MEP,Business waste and individual waste,,Yes - membership required,Yes,Contact for more information or visit store,Dont know,Some,No,No,No,Cowley,111-113 Pound Way, Templars Square Shopping Centre,,Cowley,OX4 3XH,Oxfordshire,England,Blue,,,,,,,,,,,,,,,,,,,,,,,,
Children's Scrap Project, ReusefulUK,http://childrensscrap.co.uk/,Enterprise shop and collection service, Donate to MEP and MEP donates,Business waste,,No,No,Contact to arrange collection,NA,Dont know,No,No,No,London,137 Homerton High Street, Hackney,,London,E9 6AS,London,England,Pink,,,,,,,,,,,,,,,,,,,,,,,,
The Pyramid Resource Centre,ReusefulUK,https://www.thurrockplaynetwork.co.uk/, Enterprise shop and online listings,Donate to MEP and buy from MEP,Arts and crafts,, No but can buy a membership for benefits,No,Fill in online form to donate Register online for membership Buy online or Visit store, Dont know,Yes,No,Yes,No,Essex,Heath Road, Chadwell-St-Mary,Grays,Essex,RM16 4XH,Essex,England,Blue,,,,,,,,,,,,,,,,,,,,,,,,
Squirrels Scrapstores,ReusefulUK,https://squirrelscommunityscrapscheme.chessck.co.uk/,Enterprise and shop,Donate to MEP and buy from MEP,Arts and crafts,,No but can buy a membership for discount,Yes, Contact for more information Register online for membership or Visit shop,Dont know,No,No,No,No,London,234 Ridge Road,Sutton,,London,SM3 9LY,London,England,Blue,,,,,,,,,,,,,,,,,,,,,,,,
Swindon Scrapstore,ReusefulUK,https://www.scrapstore.co.uk/,Enterprise and shop,Donate to MEP and buy from MEP,Business waste,,No,No,Contact to donate or visit store to buy,Dont know,No,No,No,No,Swindon,Unit 7,Bramble Close,,Swindon,SN2 8DW,Wiltshire,England,Blue,,,,,,,,,,,,,,,,,,,,,,,,
Children's Scrapstore,ReusefulUK,https://www.childrensscrapstore.co.uk/,Enterprise shop and online listings,Donate to MEP and buy from MEP,Business waste,,No but can buy a membership for discount,No,Contact to donate or register online for membership,Dont know,Some,No,Some,No,Bristol,21 Sevier Street,St Werburghs,,Bristol,BS2 9LB,Bristol,England,Blue,,,,,,,,,,,,,,,,,,,,,,,,
Community Scrapstore North Somerset,ReusefulUK,https://communityscrapstore.org.uk/,Enterprise and shop,Donate to MEP and buy from MEP,Business waste,,Yes - membership required,Yes, Contact to donate or register online for membership,Dont know,No,No,No,No,Somerset,66 Gazelle Road,Weston-super-Mare,,Somerset,BS24 9ES,Somerset,England,Blue,,,,,,,,,,,,,,,,,,,,,,,,
The Hub,ReusefulUK,https://www.thehubyeovil.co.uk/scrapstore,Enterprise and shop,Donate to MEP and buy from MEP,Business waste and craft supplies,,No,Yes,Contact for more information,No,Some,No,No,No,Somerset,13 Buckland Road,Yeovil,,Somerset,BA21 5EA,Somerset,England,Blue,,,,,,,,,,,,,,,,,,,,,,,,
Exeter Scrapstore,ReusefulUK,https://exeterscrapstore.co.uk/,Enterprise and shop,Donate to MEP and buy from MEP,Arts and crafts,,No but can buy a membership for discount,Yes,Contact for more information Order online collect in store Visit store or Register online for membership,Dont know,No,No,No,No,Exeter,Belmont Park,Gordon Road,,Exeter,EX1 2DH,Devon,England,Blue,,,,,,,,,,,,,,,,,,,,,,,,
Cornwall Scrapstore,ReusefulUK,https://cornwallscrapstore.co.uk/,Enterprise and shop,Donate to MEP and buy from MEP,Business waste,,Yes - membership required to buy, Yes,Contact for more information or register online for membership,Dont know,No,No,No,No,St Austell, Drinnick Number Eight,Goonamarris,St Austell,Cornwall,PL26 7QX,Cornwall,EnglandBlue,,,,,,,,,,,,,,,,,,,,,,,,
Dorset Scrapstore,ReusefulUK,https://www.dorsetscrapstore.org.uk/,Enterprise and shop,Donate to MEP and buy from MEP,Business waste and individual waste,,Yes - membership required to buy,Yes,Contact for more information or register online for membership,Dot know,Some,No,Some,Some,Poole,The Factory,14 Alder Hills,Poole,Dorset,BH12 4AS,Dorset,England,Blue,,,,,,,,,,,,,,,,,,,,,,,,
Waterside Scrapstore,ReusefulUK,https://www.watersidescrapstore.co.uk/,Enterprise and shop,Donate to MEP and buy from MEP,Business waste,,Yes - membership required to buy,Yes,Contact for more information or register online for membership,Dont know,Yes,No,No,No,Southamption,Sunnyfields Farm,Jacobs Gutter Lane,Totton,Southampton,SO40 9FX,Hampshire,England,Blue,,,,,,,,,,,,,,,,,,,,,,,,
Southampton Scrap Store,ReusefulUK,https://southamptonscrapstore.org.uk/,Enterprise shop and collection service,Donate to MEP and buy from MEP,Business waste,,Yes - membership required to buy,Yes,Contact for more information or register online for membership,Dont know,No,No,No,No,Southampton,Unit 15, Belgrave Industrial Estate,Swaythling,Southampton,SO17 3EA,Hampshire,EnglandBlue,,,,,,,,,,,,,,,,,,,,,,,,
The Scrap Space,ReusefulUK,https://www.weareoverthemoon.org/thescrapspace,Enterprise and shop,Donate to MEP MEP donates and buy from MEP,Business waste and household waste,,Yes - membership required to buy,Yes,Contact before donating or register online for membership,Dont know,No,No,No,No,West Sussex,The Circular Space,Ham Road,Shoreham-by-sea,West Sussex,BN43 6PA,West Sussex,England,Blue,,,,,,,,,,,,,,,,,,,,,,,,
Artytime scrapstore,ReusefulUK,https://www.artytime.co.uk/scrapstore/,Enterprise and shop,Donate to MEP and buy from MEP,Business waste,,Yes - membership required to buy,Yes,Contact for more information or register online for membership,Dont know,No,No,No,No,East Sussex,Jarvis Brook Recreational Ground,Crowborough Hill,Crowborough,East Sussex,TN6 2EG,East Sussex,England,Blue,,,,,,,,,,,,,,,,,,,,,,,,
The Rebuild Site,Story,https://www.rebuildsite.co.uk/about/,CIC,Online listing and shop,Construction materials wood and paints,,Dont know,Dont know,Buy in store, Dont know,Yes,Yes,Yes,Dont know,Carlisle,Kingmoor Park North,Unit A2 Dukes Drive,,Carlisle,CA6 4SH,Cumbria,England,Red,,,,,,,,,,,,,,,,,,,,,,,,